640686490,uxuuv
992152791,euspj
13575542,kekzi
731153813,dtkgb
614162505,rlpfq
931201681,uwnxg
337189260,yxqhx
26787422,xfrhp
892074212,ukadt
530328701,ivaqr
684959696,trcwg
389200015,dyfhs
445401880,osiey
842750743,eijwi
987241028,wxqok
719554797,jfsax
795852551,lpfva
500346553,srubn
279289683,zedeq
721565326,txgkh
103585033,ttfnq
738411956,kxtys
837618319,qsbep
22984291,nzmrq
129611317,dvnnu
498183035,ixgsj
452883338,kqrhg
466186650,sdtgh
538734658,svuys
614349081,wleih
295165341,czfff
316674044,tamks
840154648,enzjn
756736702,ezkfc
566692118,lvnud
502038548,jmuis
397103672,legwo
429678834,vyfca
212113542,lqwqm
711524923,crcpx
81261621,aajgi
517625671,szcgf
427635582,ddvzo
493452489,bzekf
700308367,uyrdx
15471023,dssie
596154962,spoxn
690700606,yhnog
879038362,llrhb
139215907,aakzd
322835401,eqibj
139694777,noyxr
604330014,dtjeo
972814026,osxza
801460690,yqcyb
220379765,ldtgl
37748774,bmewu
901726960,beiqm
586923152,fqzdi
622066740,mwysh
38643493,dkzfw
956499217,ikkua
335224217,zejcp
354556851,rzyau
312426086,vxyij
824225718,mrrow
899387909,nxoyg
382018381,ecipv
130039570,jegdm
454190254,sjexm
790435848,bwszg
933052463,hrjbi
756671958,bvnlb
62818128,mrplp
80553187,mbhry
705884530,ztgvy
130165465,rpkdn
542088564,zcyte
698389161,ccliu
837790632,sskxn
736701256,quccc
157207246,trzpe
939598757,xtkmv
460052890,sfsuz
497745560,wpurn
956793044,etvzq
408236200,hlvdn
773737952,ekqzz
153665807,vsysb
757634499,cxtzi
592671054,hjown
202950514,pnxrv
703123498,ysfsf
697870329,xmtxm
421988646,aostk
997659120,ienvp
617904556,xzbfs
30666382,qgqlb
861060560,krexg
295124591,nbevk
106339403,ifeoa
496979685,ruxpj
791568946,xrzvk
532735635,vxfyv
19500222,dodwk
310810201,wgemq
574503647,umkar
976450802,oioim
28947121,hrbah
475052533,hyzyw
601330181,vntrj
669172152,fehbb
137794696,wxmps
135980172,fcmws
331484952,feobl
884377354,elers
73468098,hkgfm
955537601,wylaj
353093266,veeoh
189838924,zkxeg
945924222,jbeqj
341535204,ugkvs
380579159,cnmqa
282530742,dvgvs
532846318,qarso
156629276,jvvns
363892840,jasqk
738975699,bjnxf
771380435,kvgrj
917275391,sccet
700974060,uucyk
269332495,lzodx
574192327,nmkcz
407679895,slanu
666753113,uylzq
378303275,apkaw
891189933,hqicn
490716276,phufd
221484845,bsjok
787184538,cesmb
525908506,zuouo
369767508,htlzb
979229391,jmjpv
747236577,tclus
476444520,mqyoi
880861764,jqrno
428096908,ifocg
444066113,yrbjq
112882901,ikhck
388340631,bkrmz
727562111,idxbu
966657575,vuxrs
982396116,ufnei
922008575,jljin
456145853,brtms
771377067,uunvt
615171624,udchh
850010271,ooidj
136420427,yjmpb
972118970,uhdcx
857592850,qhyfp
487803916,mnujq
393273122,ivtzj
834991801,jeorv
639002752,xwgfk
558367337,ncbay
47712350,kgibo
158309604,hexhc
773864168,zajns
798010796,yrlii
840736008,zdhsm
777493189,vknvy
592473362,rffjo
147724497,vmseo
884280772,zikyv
591276283,brtec
207974262,zxptb
821133865,kazdj
654640324,fghxa
579310832,rtwgc
21974205,oiwig
553122023,rsxho
299090857,acopd
24920353,lnohe
135397720,jycml
985261239,spmcv
683953155,eaypt
466090344,zpqic
121029516,truwp
113231865,ldwsb
497804018,zqwwn
60641315,hhkxw
725116666,uvlld
279225173,rcbvb
922566430,qwbps
600333944,sswuf
693004486,tfdqe
13816780,lwuoi
726154777,kazae
572705888,wmfsy
778239460,qxvqe
619557442,xpzbg
402565924,htpav
691776896,xovui
454011534,mjpul
418397148,miosi
476222690,nvbwj
819572730,gqghk
376954257,tqsvi
32630782,swudq
13544508,shwwt
244598944,iteed
198632034,vtatz
953533646,owztk
199303921,xexvb
319324946,qmixw
387682013,nztxn
64950321,mabhh
910863017,jafca
483321255,iahpx
490071388,chzid
39542775,zzvrc
578866539,hwuxy
23535754,biuun
163796545,dblqt
269276771,farut
686231306,cmnqs
664393978,cexvk
775583184,yziqp
820872279,lvfpq
88201738,tzwfu
670376247,xphwy
488054073,rotkz
573785519,vepqj
616748709,dzign
192925416,pxnfl
809411038,dvpdm
738043458,ngvwb
922591281,qvhqg
315981078,lgwjn
362609510,faehf
87277262,gkbgu
227751,tkcep
819025160,gomiz
91356355,bseag
809148188,ywlhl
23681692,ghsdd
220817644,ggqje
484574526,nrjdv
818974147,zvkdh
788862310,fvgta
73259499,xmzlj
825322252,hranm
733478358,cevth
394649688,zkqmf
983471204,ijpuw
673394203,fcjcz
682619567,qxsmo
551454914,osznc
878825135,xavre
956203421,iercb
167993522,cihms
405021633,jkjpg
522371176,ttsbj
327705204,ybofm
130430354,fibfv
109033798,zhfyo
580566425,brkog
602828086,gfoyl
251977545,bmiip
273243189,vhsvy
810296039,ikgaq
974342655,jxgym
881881337,ueexz
430656958,ppymg
571954356,ntvim
84886687,cwtwy
752175882,qiudy
796489049,hurox
987591779,extcg
169561000,xtucw
176511221,fznaf
283149507,aruya
814878404,tsmsr
303190089,vwyud
352351976,pwyly
80410919,zzjiq
201790821,aafwb
90774238,dputp
148425433,tlwfj
615278768,tbdfw
447206063,vnoxq
806531466,zmcft
9678594,eqxbh
674490134,whred
419891255,nqlux
212775843,tqjkh
46619538,piyll
936443365,rzzrb
192756874,yfxhs
214862324,vfgfe
527875013,klszq
612019003,hrrvo
675216348,misqb
626772193,forup
508440230,tczti
291798698,odkxg
112207784,ytctn
370132521,qwsru
981374278,bwivy
588918580,ahoqq
634318906,choes
262549807,xjahb
52280586,fahzz
110652758,surbo
319647082,eykmx
22726866,hmzfk
839163850,rjyjx
59660290,fmvsc
775362002,hgbok
162673798,codrz
333862542,dkuwl
179225868,zdfat
107905013,hmsbo
95125894,fsehn
462419026,zoreo
201986689,xtjcc
34786212,adxtt
299245412,fnzey
35251167,azbro
32029430,ldeak
188083630,yqttz
140084839,rkycp
857346227,mxbtq
947024711,fdujs
911000857,xavyf
293899314,ppnud
439394448,inmow
13816197,pkuue
873699265,hukth
338130857,fqiij
162702082,xfjtb
104689773,wgede
282804118,ddstz
705832313,dupni
721689762,wsyrj
639976467,uzesv
463935652,muhic
280532780,jmejo
396585273,exgme
749328800,epvhg
694079427,zhsnw
596749409,cwgos
654218567,kurwp
998981441,bfyxt
827851491,amirz
824547133,pymsc
441289997,aqddz
924512943,uonun
182623719,vqszt
376048349,wbtjc
10687430,slwlc
960399320,xksqk
950476166,vjrio
731004490,bqoef
127323794,qwiya
202532451,fqrxu
496013188,bkicp
102541913,faekt
498166807,mfevc
841109240,sbtkw
424902916,dlhxp
853210921,cqisv
838028091,fterr
631496463,bhrox
460657718,junrg
916524077,kcpzw
668511784,yrzmh
513549383,olzbr
657061504,jndhv
856985379,rusvw
760547885,bheya
401886696,mwcmp
569015788,zlivt
258669955,ugnie
495714905,pdrup
431852212,bsemr
525649036,lqjbz
570874143,cybsu
627109611,gmqvp
222373574,tukuj
233341844,amjqa
997452324,ymnte
630898631,wvzlf
374193304,wsphk
949169572,vnrfn
894808311,vsnhj
792634342,tarmr
801604791,yfrai
291117518,fivsx
127940498,kcwhr
119332942,csgxr
70281184,aumbe
351592186,wveqq
180091776,lmhqq
108395882,oaoqj
741796982,fgyso
540482151,qnbjz
210893912,tkfbl
855505927,fgord
752287328,qfkjz
674509876,oqcqk
477790448,emddh
521096443,cgbht
163264826,sizmv
541591655,afcwo
507606593,tslwq
745359853,rmexi
685972454,znzhg
367631921,wsern
907716865,kzlgn
574492948,oeekr
901285050,xovmq
720751825,gguew
3970978,vavjo
559900276,vfgur
873968290,qvpkd
601367301,ferwo
49143213,kganc
962760527,vavme
178096433,mrfaa
837148679,yyusb
336223312,cukua
827728286,tmyeo
823763830,ncgjb
233193031,hvhkj
611408248,gwmkb
229999002,kzwgz
233204287,sanrb
187711198,hvcod
759087846,ubpqe
931849188,wyoja
115271948,mlmlw
735560620,mgtns
70635597,qntzh
17647983,bgrzt
553821876,ssftu
458384347,twasz
70186440,swjtq
494564740,ibjtm
492573172,qescu
654298593,mqkmk
616446434,uaefu
774625196,mqjzx
102088875,pgczh
917112171,sjaqf
289293956,fytir
671317918,lncmu
889947073,yrwtv
392788353,wwovn
387205419,rtrsc
554157328,ydqsq
815221570,byvax
637236240,jgrxf
914483708,wmwdd
840454943,vqwpy
414953561,tiinr
112619225,dddtf
930520215,xpsfi
776390950,iftdx
231127567,rhefd
141505691,rrzzo
90428018,igybb
188418127,eqixr
712309992,xfogg
308286509,qekmd
96596797,vrrbx
217605263,fhgdn
335244207,jcvlt
237417101,jpuvb
568278884,rouwa
823390412,nintz
879214269,ltuxo
827268550,wskqk
751075427,rnqtq
712532849,bqqjt
946087880,jptxd
505495101,cfovf
645265625,xuypl
992582820,fohbg
712492024,vqbsd
9419844,unwqg
284554854,wimar
811040986,kukpw
459836774,syhhf
54395348,xbauq
460967812,hfvir
96154006,thrfd
998950433,nsiow
309298375,kltct
407375233,zihpl
783376259,hpxko
381040259,debfz
128498983,mcwhv
789215005,wzxmi
765767165,xbwie
589005908,roxfy
789706343,hrxed
832040346,amevw
431734808,dvpax
152970778,yplgl
908249548,fejnd
657767814,jpgdm
306261913,kyoep
36925465,hehhj
656419139,yotqd
657900546,muhow
539851116,ojsiv
968920916,hrnlm
750590779,xbbiw
917508195,dxlfr
381381376,wedad
113441350,fjbzv
851803222,qeqso
45420660,soeuj
636870608,sfpgs
219919696,wqgja
581841206,mbcne
184684111,hscnd
360920414,ubyju
188808566,wpsld
477202204,utysy
698315161,uwcwf
527026782,lvupz
81980519,lenim
754119484,zjwzb
810015010,oazln
635735135,yyavf
728562308,tluaw
949024163,peywd
379770901,mtujx
251942404,mwvkx
882154011,wcuyi
750580169,eqvon
750596279,maisx
804517123,ugrbl
892976057,zryfw
176797878,pdlck
3172307,rgikt
389112103,zuluk
865766121,iscsy
474125247,aspve
352516914,inqbw
641222311,dwkpl
536661049,znkex
354993004,xlknp
237571220,rmmom
803551494,rqgnv
252248247,lvmwf
141788736,msvox
602765441,badtr
806855197,ryclr
526810533,orrud
8250919,xwobk
862473209,deeym
848644981,olesz
432874629,rfbgs
716466495,berpf
173080719,hsila
24094443,czsul
934908589,zlwwm
863223429,bjqmj
722586084,lgeqo
739350200,tahgi
253913768,uusox
412403238,ypalp
380211324,wrxhk
92300005,cudgr
651943150,kspto
279980390,qicya
787253139,mrnga
756768650,qvafx
759554023,gznim
73908397,dziyv
906301061,kzcsn
929643875,wufop
897516104,ogzjp
276086934,gzimz
182597134,wquhv
896345808,kqmjw
610589622,klivt
796669114,mnslc
22117322,amsvg
6716613,smqve
59890149,hxgmx
634154785,ilbry
20991609,lhcxk
783566174,qvtbh
763375598,tnlez
845035240,amzsq
38364212,zapem
876906101,upfdu
237718852,ovmnn
478355139,uvsez
222232286,tlkhd
256402828,mmukl
127370024,fospw
453040816,hicrm
60640956,ejrvi
717564979,svnnh
821658972,liove
726125898,ggjbp
300304620,wxrew
377785512,juckb
640867846,ppvmp
814725236,htbqj
263159418,zfmxe
713753907,nvegs
728321126,dngrl
54751804,tvcua
85544675,ppfhn
397070859,lpiqe
984994467,axqwv
332289014,lwaco
666355736,wvxiz
779751610,ygttw
231715374,rjevz
644021195,okgll
981404345,ducqy
486881595,vegij
669318476,akvgc
839411550,nzhhq
355989618,qkseq
215335780,obszp
638574731,vcsid
149508279,djbdh
291056670,pxpiz
306212054,rlrug
20046632,dfjfu
983089903,ypoyu
352414779,buuvr
418499592,ejoby
107717925,clctm
305838172,vetjl
209835833,lhquv
21419941,xekox
562039865,jqxsx
106331024,zsmcq
884971565,tenld
623594720,ocrdo
764433914,tvuds
577138191,rrdab
450476527,vbkwr
862888184,uusgt
432332400,nhowd
124241840,vdbwc
210157255,lolpq
776783109,idjcr
324504238,gagyd
801940770,maigg
726047894,jvmcq
108969403,njbce
249890422,sityz
728829666,kmkpv
488688550,tkwrv
858672516,uquzy
708731438,ewawr
670036461,tswpw
97914090,vljdh
530562741,iqwyo
131506731,ppxzd
395507997,ssyuh
84074829,xdgqy
850068351,qqpsu
20051919,hoory
341995971,gchbo
232911762,jhcbs
617080714,xiysr
351119532,ptigr
176903419,sihry
523334769,hmftp
877282283,fqppd
713082047,tojwq
216101130,oizgd
547886663,ydihb
373583364,qdjrf
71966626,tzjtw
381673648,vgyqq
334070871,jhziz
802194453,sdifp
438868468,shzek
155677899,bvnzu
528145913,deuqm
747280005,aqgkm
231676360,sxill
61027300,mhfei
711846934,aunmm
941867138,bgkng
387433508,sdcba
641495571,qqqru
414322851,rgmsy
967556763,miuvs
417477268,tdwop
546515589,jrtxu
291582886,eivxk
691132910,uttis
133570227,vssjr
877868800,xkgpd
241634814,epkzp
149047794,bkoos
39037575,rcpzq
790542608,ujisq
135760948,xcssp
387577377,sxgaw
673953589,raqmk
150774266,tjbak
635268990,tzitl
217597256,gkgpi
48488392,xvzxp
334241787,mwucc
17864604,cernr
585416384,vyzgb
770166640,fpeew
579005012,nspie
643942380,irwae
54211552,biwba
190026991,pqtyz
705567115,lezbd
390618896,aimii
711290347,hkhib
813702459,looej
426198578,nnmhe
847421466,srooq
100383224,hyete
71649096,nkgmf
403952350,fsqbl
894384515,vnvgr
808331622,amnhd
937610236,zyhih
480219531,vibmt
448287648,uwnit
899574751,subku
324822143,bsyri
313473762,jxhyy
959119954,hnxcp
879051479,extjd
122216279,pfhfy
530768885,akrud
993424881,vomvk
31870012,oadhp
346001667,uqrjy
301476005,otyga
955731591,vegfd
511319079,xhigg
352833644,vvpaw
451856875,xzdlb
815436330,lyhal
738076615,efsmf
976667740,qgkab
524813549,rhmpx
475333459,lvicl
710777983,nhddu
524975629,aujed
311391376,ekwrs
602964716,tcrue
905504002,dbokk
210452107,rmlqp
716053186,czkem
690853986,qexrw
989110073,dbkak
550540652,erzbc
942807267,geooj
455474425,ehrsp
760965186,fsjyq
871489267,sepgd
329273082,pgety
967114126,ncged
179724327,pbqlz
715908237,aftpv
24755762,udymu
834966311,cnsxw
530222335,ioijg
948824451,cpikc
998507293,qohtl
373492248,mxdgr
206895235,dgszd
438924024,hmjqm
576917355,hpkvh
837878186,lzqmh
592693527,flxjx
369345519,lzegk
354398084,jcpxy
500947175,jretm
659819923,wyvdr
417162998,kzldf
970480551,ithob
763476248,muket
462119108,pudyb
343886841,vtcwy
88178768,hjjci
69202293,gpsck
979598547,pebwl
597772055,tddgg
452847317,bbvbl
779303347,ntmxk
60248168,uvaxk
989602032,mzyoo
18872944,tfmib
127370639,pykbs
307965840,tgskk
682095317,wkhqp
724144755,utukn
433266320,hicea
466132538,rwqyf
364066264,ydwel
143975897,msltl
48155080,radtj
745238236,aiuha
78621898,imhzu
235130006,ftohh
805414716,hvaqg
431805879,bzyzk
534013709,ghshx
649836335,gjcua
927749860,snlgn
558091418,trfsw
490140466,kvguw
434972724,mvfvg
389515017,rkbpp
504391525,fmhzs
49825982,cjutx
318970346,rgdkh
238518115,akeac
834177440,zbjsy
223742411,ydptf
732363647,xlgbb
471388691,wphvl
546341185,agjqw
323003083,vxhkh
882154448,xvuwi
438538429,tzxqa
370405700,gtivo
129100966,ulzqr
848192028,qszhz
789492797,utvyt
792433128,xxama
915440113,licqc
202974539,kaalz
368197895,cluow
242641940,ydynf
595784311,ikxid
822394648,mraev
922076197,utsoy
505210357,ksozy
527350530,zrxdj
767923599,zshpj
682028689,lsexo
729910890,ggxcn
179709427,cejyl
341985684,dhymx
355995441,rktcy
111109857,ylxvi
4246980,uculs
35962950,lrjkg
690530437,wknmw
727646666,lrwwk
424014008,twtyy
812313809,zadbj
380126032,mndgo
394497369,vdhlg
254418277,dmhaj
620663860,vbqkh
459605865,aczts
956946571,painv
373099878,xxesi
116874977,ylqwj
485486119,mbhmz
222172552,okuti
234958540,kvpjb
774767893,tgvmz
411637511,zczxz
611313984,mkaga
162928504,bntzt
373083161,resrh
627630055,bbwpc
360445301,owzji
526319011,hqdjq
369702451,nlcrz
439665394,erdkn
672702929,vvkvn
330470552,kfnkh
810944263,jqrhw
420751760,vmpcz
103861144,adgfh
55530234,bxpup
517232766,jjlal
827024996,owswv
297918617,rnjjm
668507272,syiin
808450781,hweez
430380662,fbykz
364079796,dyxhg
300817646,gobyi
834761905,tzgsh
945472657,aefcj
858701475,ymxhs
738785129,hewkv
328707100,sypfw
768581741,qvooe
639507774,uqgmn
916172251,avkvb
581897820,jjmxg
92457554,ruyth
165001135,xiltu
156750439,vndjm
354859988,vqpap
255981813,dfeuc
821999217,dugdo
865473537,xgutm
402457409,txiyi
419271432,kwwfk
249377727,opacq
274785555,amfgu
774586755,tfppz
438019180,dtgew
227155107,snupk
131969036,dywah
500335712,dmdzh
571573313,ftutf
517980129,yiiim
440785612,gydzp
71749862,gboqr
538194440,pvdle
907531775,cqhbe
656912374,acexq
965362859,vgnds
251279730,ckget
964013415,tpzwi
12126675,vrnqu
753071646,cnowv
681454898,kvahw
782200235,amqlw
18087973,nndnp
142053399,ezzpf
16372691,vkbfr
116841031,iyjqf
591303966,ccxds
562316366,vmxza
881323451,jccqf
422853572,fvnfn
247705428,vuewf
163362265,nxjtv
909188884,buxzx
265738321,rywzu
720973332,plcby
580704692,rhdvd
499766538,ykjrx
438182848,wexqv
848575006,esgou
765057754,nmseb
23420212,vwcjf
941104471,etxop
177623534,slfqn
211194596,glqbi
640002892,auulk
226933955,jzdmd
918814479,apvxr
16188327,scgwu
497460095,wrjuz
54145216,ndlvw
143097162,jxkbs
104048653,hbxag
513558717,pfkyz
989417147,xoclh
962526532,fvscj
433473371,odqzn
207260395,jdijb
815747979,sxbsr
353027687,exqjn
642256621,jdnft
490250674,jeget
657704624,haqkr
127594790,qolyf
218801065,qgaul
549345967,shjxc
189777995,bbapr
404767452,xetzh
723759575,paaho
864248305,twpzh
227744524,wjqlg
337208874,jbiye
748759726,ewtcs
93177473,rfiiw
208453235,swopg
754614006,tgkgi
668614112,yibwu
520880978,pojhx
348948204,hdwbx
985901435,vburn
927385385,vpard
