Number,Text
224196673,nRB0cAa5Y8
75994302,E1v0ALbB5V
256399160,RATEnn4q9L
617790577,V6JGyEZdnf
934373202,7uXRw0ZClj
735185426,lBCxJgxJxI
352752052,Oxz8m2dyI7
465392998,9P8uGzks73
47986727,ZPwqevB6Pz
593717650,TFgu2NV3mG
590304399,S83AX4GbTY
112254050,Kt1oHzSDl8
650167906,2QCo3eo8te
767364461,AKytkdciLx
228476056,me1zvmstph
819786454,jTuR6aOegK
693595382,uoZraWWKvh
458268205,uzr0QCJEzx
729893490,snWdzt5Wft
466982752,tZBrGTmePV
288859325,YiLuoPrL23
298000005,ZHG3kOKOMV
707142658,1tj3Cb5Nas
471071916,zTKgINoP2F
230087723,OX2gdRtdIT
819734207,rjMVWZEQJx
484505580,EW3Nb4MSfZ
756671725,ZfQnrn8RLy
285141032,wc00783Gwl
800584138,IOCrJ83kLH
893776191,TlaUbl3FWD
975170047,OEvag6Cpht
817426436,vUMqE0eNid
496898021,JxVPOzJhFc
664103225,f7GBE8kYaq
565361187,XR1alfzgkP
281906315,FrjREpYhSA
792433907,WKxcLl2qcU
426504492,HVTwtpeKiH
406695264,S3kPuWQHMX
531259456,vuCYWUYZUG
958598244,4nuJbCChlY
361967238,jSK5bL5HjX
742741882,BFJNTsAXnF
436061869,wZCb9OWgQQ
524292292,zW8uf8ivvI
975616247,QY2XeJ7f1y
740684441,K7Vf2W6cuP
355333344,weYhZtMcCu
319158507,ykGOPNjaG2
584817332,AxHMCJg7JR
687720577,wktgsAYmFH
775428346,vTNiPkDOVJ
841908424,BmHAQcbCFA
