380743418,jiwzjxu
190820571,khpfqu
907908298,lzyju
379583128,xbdnx
232548300,iqwynho
611655637,lkiya
291855818,gyarxb
603580537,oouxn
489214330,qhivtdo
200810812,agejzhb
192353460,pyqzas
359067308,jgylmpr
667788720,gtoubzt
155251480,butdzdz
48589097,eghdmox
508382023,lejzrs
836034160,ewcyo
150404772,dgmmi
827770623,ggftdkh
4355121,wfmuzj
53513485,dgkgy
1611502,slhajhl
380518686,vuxtn
728240550,cnmjmk
371988227,gxebz
845060695,lpzpj
839123528,kuivvj
70131303,wlzva
526228187,btrjymz
704899487,blnaekn
14701426,dfrwtw
714275522,rrpxve
480131968,fpyudbl
524348889,ffwkuoe
340610279,oypxsb
698817173,xllkae
408639850,qiiary
865049143,llsdz
597819122,oewzjhe
937769761,jdpvp
842645142,wmojgtx
248474271,fhpsxg
949429278,bazozk
