484601,kdygrdd
1059430,bjnmasj
3289540,buroou
5227095,ipaqhw
6031848,kssovq
6269334,tjujdjn
6635588,tmhfss
7811032,zmdhth
8407553,aphqoa
10729353,ewpnxw
11164852,ekrrwn
13800327,ylbmyvy
14802974,gmudgd
14938168,nlbwctx
15139651,efdfia
15495883,rqdgw
16657748,gwbopuf
17768814,xmyspck
18661356,dddtve
19030374,ckkwqr
19162963,quhbqwd
21019625,lukxmo
21276450,ktcet
22052883,wjrqi
22102272,qzlpsd
23381585,eukrrzc
23975239,atrtp
23992500,khnmux
25566946,qfwzbh
25839803,shyado
27321480,fmmixl
27420487,vrmofa
29635709,xuirf
29682521,kllcey
30909560,knmoqgz
32994936,yysjzea
35454308,hxqew
35805215,xdswvc
36302426,wjezyi
37663997,yzjpmxs
39891897,pacrsm
40191454,ryebi
41896195,jvrwf
44644252,ggebwnj
44778107,zsqtmh
47328666,drovcy
47619912,iaddp
48048913,ljpug
48080279,vnnegb
49148584,vjawlnr
51041565,toxot
52084591,nnyil
52675741,ilhykuo
53218472,siolcau
53921512,fohaefn
54692987,sxbcley
56859303,jsabcmd
58286090,mspqfw
60601190,kcjexzk
66715676,jugaf
67980228,dmsxgl
68590289,jfqpa
70023767,acbqfc
71780903,ttqwmc
72406007,ewjhwjf
75290905,aejcrn
77028194,fvwsnz
77042560,jchyzn
77412288,bwhymo
77786779,ewhijcz
78986199,bpggs
81563195,lfwmfd
82200042,prmly
85623205,wzwbk
86072938,qvbgfuh
86254594,bgrsg
87177108,xxydci
87528316,lnmsbi
88589039,qrjvgk
89033876,fgkvz
90931231,yqpvd
91169086,yqxkza
92337108,qqzwxc
92831181,dvvbta
92912660,yxxzaut
94100321,uomcepv
95361368,cfrwmoq
97197105,sayhev
98101494,mmkcidf
99368840,bddcteg
102552077,xegyu
103377798,pwgirfw
103668840,eoxmd
103832453,ocpblah
103860079,vfoaj
105021137,ifqvrd
105532963,qhthet
105999525,hwdme
107103291,czjfnr
107843571,lujouwn
109463182,kyodtzj
111394462,sqfxa
111619640,zahlq
111714649,btdvcaz
113001680,qblmmbj
115932546,cffzhqy
116585014,rvifegl
116644082,smbha
116997824,vmsrdh
118857987,lycgihc
119326646,mwewf
119429345,plcjf
121195289,wnsli
121502238,ctzff
121903862,gttdsx
122172425,lrptuhe
122852193,lftzuh
124173951,trlmsl
124557840,nrkhwlm
128840163,mbyja
129094910,tkxhsbd
129471421,uhehm
131377906,aogic
132818352,hmjbuf
134170335,vzejcin
135103692,gkpex
135697326,fjcuycg
135893202,pgahb
137729338,ngpjtz
137991918,aiidxfd
140216340,byoih
140805945,raaccam
142195316,cyzlmxe
142417509,qixvh
142881963,aqtappw
143737561,zqlffrp
145026721,iibdhj
145513891,xgspr
146192842,jykfq
147522149,iirongp
147819896,ljdmnxq
148373165,hxutzk
148952991,brmyt
148957534,mrwub
152988277,byfcnlp
152995273,cqagn
153261485,tsgzx
153421888,oxkgmfa
154319926,vyjanvj
154515803,kulte
155386380,lerkwao
155526372,syvkl
155773209,aqthx
156315061,aujty
156714749,itpbjz
158003144,gguhg
158335949,dptab
158464756,zlelocc
158795185,jizvpqp
158808853,hgjofk
160146655,ypbggbw
160509006,dlbfjmg
160626400,psbnh
162183876,kvmvehh
162273895,cmtchzp
165648542,bejdqy
166261740,klqoa
166869129,bagdoa
167238050,gdurk
168446378,beqgeft
168759366,fvvgudi
169922813,ztxuvju
170191323,xaqrrzi
171134943,bybicbx
175162857,joujdh
175650158,aotisf
177352369,ahsxf
177943827,rxcuhe
178800788,ovqqjt
180611311,xtaukm
182440800,bulhbsq
182627950,ufypq
184694851,bkojqeu
185364012,rukybyk
186136056,ddgtql
186169372,ytfvbz
186905586,yjheyc
186919095,dhoered
188038984,ohzosis
189630725,oksovw
190593709,sbflu
191368361,dxeqeh
191642237,czsmxki
191831884,leimme
192701464,bjkzzv
193739525,wwwuj
194075333,uixgh
194825762,brncxc
195777278,bhkgm
196885299,oqkpdwr
197150697,bkave
198869003,vegzjv
199136223,xwdnwhb
200952235,hoqux
201113953,qsbfeeb
202368069,uqcyz
203160529,zuqniz
203397675,vszcre
203989717,qwvvng
204030563,topob
204552850,oybshok
204780794,wvanna
205018766,sgvqb
209872967,bhzvrk
210245919,glbqi
211166006,mycpwq
212590831,bseop
214101166,wrefc
214861012,otnpqqh
215545585,xuhkj
217273111,wzwxrr
218996205,enacub
219353053,zqlkla
220320191,hekydt
220722940,zhtlg
221263708,kmctr
222372389,qcdnwep
224394003,cofyeob
224855089,pnrlrr
225687512,jderb
226140985,oemvz
227397896,ljmtcqp
228910948,zylqep
229696175,gvpravb
230411920,qtjde
230540571,xufztfl
231262981,pkkpe
231973247,rhersm
232386272,hnfya
233541519,hctdw
234287239,swalw
234405610,ztgpaq
235763960,aovtpip
236530209,zrzzddu
236624675,zikdn
236980463,fzrzkt
237304317,yajijsj
238149947,wsdgo
238317493,jwfytm
238594679,bobfbh
238652729,vwyfpsr
239515244,yrweo
242812783,brgbeab
244814841,bdiixzh
245662976,ghsbz
246403280,uobdbv
246908099,wpldok
247499016,xkbifz
247743031,aaayz
248176615,nlsnpk
248862774,tbrsr
249959823,aqloy
250281766,jfogkcy
251488488,jqvsqy
251784057,ncirx
252329080,abwhbeb
253750106,dwdllmz
254422881,blxofh
255036366,hvayi
255625714,obllhf
255986085,evmhtou
257242576,aewxzn
257479867,bggqei
258664629,ynfmlm
259839672,ktycsvw
260433315,bicgmy
261925505,vuiqgl
262533286,htceexq
263099273,oceuzuw
263359615,gtedh
263542779,ucmvtu
263969638,aemdk
264579880,djvmhn
265279551,apeogdy
266569480,viwegku
268488949,pstspe
268629744,dvzthfm
270374873,cxikruy
271658543,dsfgpl
271664605,vwoil
272160016,vbbjdzp
273817685,wqvpub
274849641,qgaedc
275986570,xbcmwg
276021459,fmznu
278573485,lezmm
278708656,xsyahn
279880015,uzhmb
280258162,nqhphh
281536409,pnapt
282824609,tdnqt
282940906,namirqm
283103537,mfacp
283728196,ojgyp
284351020,psiay
284676778,lvoepew
284875208,unbnyxp
286937174,phfvedq
287015041,zummun
287579664,mriye
288137296,hdfyeq
289332637,szpmwmd
290316968,jqcbsi
290446261,tsaqwnh
290762586,iwymdqn
290946280,hblmkb
291992678,irzphwi
292503744,exbuhhq
294711805,qsppty
294725520,wfqoi
296741290,yfgfz
297258932,hafhet
300022061,qkoeouj
300433746,fntcey
301190609,oiggq
301235021,hcwybt
302634004,truvjt
303357079,qndou
303978288,qjnhq
304297611,gfxoute
310155165,anuxfen
310877742,wigqwnk
311822463,tmygngn
312115106,orzrnm
312251816,vcogdya
314238281,samygr
315962810,bizgc
316233077,pqiyal
316357093,ptwanb
317172708,qoplg
320482224,epzjdn
321764071,uuwiez
322636696,kiholgr
322677690,tevrftv
322820339,vbwgtft
323101113,ycmyx
324662600,wohcbum
325474662,ysldo
326738409,aguuib
326980772,oouij
327270456,clufx
327928071,gkuqgn
327979266,acgcecj
328578436,vtuzeya
328729769,bpuwnud
329726892,xyyia
330944255,foustvc
331883883,degjck
332173445,ifayvpj
332832121,zyqougs
334543033,gefib
336071814,wxcpv
336368897,yunnw
337410927,gkwbl
338375551,vkedfu
341448023,pljtebc
342525079,llfpt
343852495,oikhzn
344339744,kgklixd
345173070,laoqklv
349514559,cxkls
349850621,uhzua
350142205,qulil
350723784,tkdcq
351607917,pttfyuf
351778676,zsvtw
352298324,pehdif
352421571,dltru
352605786,mzxgc
353983373,lbgewb
354096909,fiirrja
355955807,hrvct
356079184,mofqsi
356824763,iqkzd
357768746,owtjlxm
358802873,ofmgjc
359614027,jxyde
359614322,hfmvng
359826692,qxfvacq
359998234,irgwh
360412738,ctrvi
360902056,nauhs
361458947,cwnmlf
362833950,oadupw
366455196,dxvmplp
367108099,gytny
368228387,vyfmc
368501479,mdbbxr
369904123,oegbo
370944601,asmyhc
374362799,ppaxk
375424149,bqiiknm
377098327,enmdu
379874325,yoafacg
381077918,yzpbfua
382750039,djojn
383868017,rgshxbd
384391563,iffsvw
384838939,aitmtd
385372864,icxrkr
385895107,tqvntys
388068057,icatwxi
388523565,phxzg
391484438,gtwcafc
393839203,bcadql
394105931,vzecs
394326568,rewtl
394952500,ceuue
396189357,fkkwtuz
396317545,jdurw
396832127,syqlfhc
397971994,lfqtiio
398634963,ldfour
398741477,bbfuv
399190870,lgnjwlf
399261830,ycgcvsi
401241717,ernjh
402251809,gdbeiw
402272191,gxlpcn
404323357,ijprx
405246680,klmmrmq
408241278,ihiwpb
408539378,jttgc
409197849,bfmkcz
410005182,oiftdxn
411483437,lfahor
412668479,xhdxpc
412930212,kjjugo
413677327,vjulft
413781204,hckysg
414287931,izbkqd
414480145,oqlwfsd
416565871,aholz
417016397,wwvwti
417999168,jglved
418760298,butqe
420445096,cmolaqv
420782345,gydmas
426536035,glnbc
427553459,sypjcg
427835730,ypyrwrz
428049671,bbwnywj
429344094,svohg
429555828,npqkfby
429635227,wrjdlyf
434187326,zlrotge
435993908,qjjfbe
436252161,fmybm
436707968,hmvjw
437606629,zkrim
437914511,mxaefk
438349323,yvufs
439039661,cgpol
439134448,qomsv
439275709,nsmzr
439372744,qdsvoll
439681480,pitetfg
440347778,ocprryd
440717322,axqgo
441766435,zgoxar
442335396,ahltsut
445357539,gydiikh
445687713,ncnuz
446732830,jujpl
448688196,iiowte
450050904,vovjhf
451343951,nshpsng
451713897,vfgjmqr
452421995,jryplz
453587319,altlgmd
454003444,vjrbnd
455169930,iszyrms
456215506,ydljcqo
456589122,safum
457833301,rarfval
458496180,oepyfmc
460470599,sghlubj
460606561,lbknfs
460635515,vsuzwzu
462914339,mfffua
464147499,azesk
465246261,ysmhewu
466206612,xmbdf
470153596,vnqwz
470160853,yorkcmc
472271685,jkomfts
473846381,kotzc
474131672,epcgz
474300631,ygclvez
475135809,nctjo
475726948,aneguby
478111297,hwbcf
480482888,qinxy
481123576,prwxjud
482044556,jjcbqa
483322555,mxzkxtr
483849211,dfgyqf
484213762,aloibz
486039327,spzzx
488134218,mkwim
489215489,shmal
489440474,tlrfo
490111042,fkhaki
490214557,kzttzhg
490940775,fxnne
490999006,xwrgkk
491615716,kkvnjy
492142514,whxksqa
492882104,kozyua
493239475,qavcmxb
493336831,xuvvcd
496501197,vqaju
498245594,nwcbfq
498922504,gpntxca
499917791,kvpgz
500481215,steztgm
500674891,avnioq
501291824,liljjr
501446604,kyaonzq
502296410,cvosqtl
504193784,rajjps
505028233,ekhbkq
506699474,anaao
508786296,gsmeoap
509400991,npwvd
509594121,zrsfes
509896472,bponmk
510600167,ilacurx
510714596,shyyh
511373514,ktchvd
511653908,ayczpsu
513378867,dovwb
514336722,hdzhng
515367888,qbtsowt
515489997,anviy
515823765,sfpddwe
517342981,fnqgtrs
518681169,jbjaot
520018789,hqolzv
520690554,zspez
521457832,udzyelh
522158332,nqpni
523501791,gmkjmqc
525712177,byihot
525732251,oglhfs
525833428,rahsytf
526279042,jueme
527013006,zotbb
529431716,ibufdej
530534738,swbrbcm
530828040,ikmlnj
531735827,skqpw
532734463,qpbgzno
534535673,tdwok
535191679,fhfkuj
535601737,aaeic
537141082,qyszqlm
538260177,khkcyc
538386103,oyyay
540044995,owsme
540187285,ugdnszc
540352902,effuju
541406539,mccatq
543106076,ekkgqt
545201277,woakevr
546811887,jwecb
550754322,dnzgypc
554541914,hmjvrdi
555373614,koyyq
555873361,fzjoqv
555955822,zplray
559739717,qvkig
560239904,zdurxol
560285123,zyjinl
562426892,lhungjq
562705527,vatfaj
563786332,aaozmp
564663569,cpissp
566522128,levvgf
566740537,xqaguf
569767255,qboqj
570022243,byoufu
570079244,vwhlp
570966782,puydmu
571892900,rogth
571895554,oqvewv
572323932,vwjeg
572606528,afxuxhh
573153144,xbnsrxw
574503949,sndyp
579519362,uzknqo
580501768,jrsku
581780608,ncsizjx
582433144,qzvrqpo
583559387,mtshqj
584110927,eubany
585263719,htmpk
585275099,rytuke
587003169,kpfyv
587019465,husvi
587442477,etznovr
587468743,rxuip
588391415,ibeqtw
589541540,rgcokfm
590319339,ufkqpt
592633083,xrbowo
594160885,eotcc
594412309,iptqr
594640779,yglye
595540868,wqwzoh
596206378,lndvi
596266827,wbpsij
597561028,ctewna
597826501,rdarc
598618993,lusqb
599723938,ihsbq
601308993,fiwbs
602160351,ssxhg
603637960,ucjmapv
604198511,dmcwgbc
604226343,tdacgn
606759424,egcwna
607194501,psbolm
608131498,qufnw
608426784,dkrpcb
610019948,ylerqg
610572128,zuetkb
611554356,bemke
612555220,qpwlzad
612869034,cqhig
612909069,soyxcp
614936203,hipbv
615208535,gihcjk
618214722,nznxlkx
621233505,ltbzh
622051235,tdqnpf
622256336,tnoqu
623451297,rvrfcpy
624712232,qxcogm
625996451,tvzmu
626426312,kexsf
626495461,fmfwktj
626506844,ducbwzp
626766172,vgkpwe
627685887,zdxonv
628017786,jsfzjp
628388772,qljlijd
635397218,yhqno
636565768,kwolk
636894703,qikssmm
637377293,ymmlf
641022406,rvbazr
641749388,knrmy
642055466,ceklu
646850289,kulva
646876842,fukjfhk
649532014,mnrur
649565980,orougc
650197566,oltljds
650824991,pihvwld
653334426,whjjiwb
654030335,fpbezgs
655365825,tyquc
656352661,gniib
658972829,oapof
659677280,ekxok
660586217,tgjdilf
661530698,xnoqhoq
661767185,lsacw
662206495,ykyoig
662859451,hmqdi
669190998,ixdlzc
670422608,tfeglc
670481139,wxkycmm
671312384,rovxi
672488816,ghoeu
675565325,itprof
677145248,qfzug
677890604,pvcyo
678963097,ihygvp
679464576,jotyjpv
679469392,dfkbk
679870111,wubboue
680616994,trqth
680805215,iyiywu
681093765,kwdya
681852013,wghch
682097782,jlhgge
682198570,kgumyou
682454993,amjyra
682869353,mrufu
682940537,fpdpck
684890200,uxhbvsq
685608876,bnojozb
685793213,clxqy
685814277,bkbte
685823039,piuofo
686196748,okucpqf
688329054,isxnb
690232085,jnkhs
690614585,jmhavzp
691231495,kedny
692574616,tpdczrk
692864012,dqbiy
696868829,mcukkr
697843463,tdxcdw
698970969,jrigjfg
700199361,ktgtfk
700354830,ilzxv
700424800,fyqgjy
700428628,tbcmdn
700518742,orfhcoi
700525409,ngskj
700653720,tunma
700663357,nbeuduk
701249585,yrrya
702407238,hgosot
702833269,ioofz
703548601,kjeyx
703827834,vhqjrc
707162815,sfilr
709213719,nqfqew
709864631,wcasx
711559917,nmdcr
711769219,smhnuf
711902978,tlconfu
712261661,ycevbd
712568426,uwuvli
714866905,wcuiwe
716633379,qjckv
718465498,xpsby
719361591,svprfuv
719535858,ycwctk
719797254,rgabac
723275795,dvtaz
724215002,xepixy
725214688,tohqteu
725912805,rrtly
726314098,xhjcutg
726515394,qkkdz
728259837,eubsvsy
728325830,hfnbi
728793364,jitrc
728975295,dixyanl
729597971,gdrnzp
730659524,zepzs
730712831,kcantij
731315349,jhzbfb
731924656,lyrlreo
733326202,jnshwfp
733433047,lvqbhak
733766490,psteeu
736015500,ezilc
736698609,grkls
737123928,uecaeyi
737309217,npmlnf
738111885,mcbqw
738367249,jlcsy
738815712,cogah
739070799,vebjm
740606805,frlyrfi
740769305,mgiarm
740829531,yhkmez
741224719,cwowzpp
741408495,cmtjgpm
743311142,cfoxad
744392423,syxnwqo
745071389,zzneut
748946339,afhbpo
750610528,rmntc
751319369,yerqgtf
751717865,ttpqdh
752297843,wtjglqz
753542208,oxqrd
755215355,fqfzsev
756384449,simdze
757558552,qcjjaec
758262338,wfaqg
760750812,cocswqb
760836167,sekvi
765137216,deyxrlc
766689527,cbjkd
767276245,ckhyqw
767826921,hdquwe
768010720,erwtmr
768071091,wcbwo
770903529,bpahbe
772686926,oggzfk
774559330,fbmhc
775246327,qkfgx
775575520,xsrwnq
775891781,igecrkf
777162099,kbdjyo
778810389,oyocyhm
778914100,elcwtf
781154022,eocvqt
783088355,igepy
783540388,mfvtmnt
783746199,xjtnt
784687750,qubwhdl
785152470,tfmzqge
785343462,htltqr
786970117,jebwqo
789368087,pieoikk
789388536,kedve
790772651,fjxjsmh
794270020,fdxil
794935450,eoslg
795958074,kmjnre
796274201,vzmjy
796877844,gvuwa
798662946,qhzsd
800302961,oglmaa
801023411,xahgxn
802800681,eiawwxv
807886889,shyuk
809695004,xryby
811048702,ihworf
811418868,drhlxp
812357480,cvzbyzb
813728442,xzazkas
818671284,qgjmmtm
819240663,qzyot
820028292,hyapz
820258958,glnxk
820400006,icxdmc
822711052,nbqsm
823291592,mepgi
825523172,uwobf
826449038,rkjck
827265086,aefoezo
827612676,cfbyqtn
828801233,uazrrsw
828976879,wpjzhom
829006224,vgelo
830155617,utdeoh
831086663,sefyjym
831796869,awwpew
831804083,eboul
832191009,ryjmq
834245304,aoowgv
834853857,miduyc
835355659,akjapus
836215665,xqmkqu
836690882,joxmay
836875648,ygzta
838934542,ovhuu
839327239,ojvyowg
842857002,vabrlhb
845695442,xzqzlzk
846440080,lmaysds
846861425,ndojt
847933815,mcuugn
850054875,sddve
850065460,yhaohey
853314393,cumrdjp
853492630,dbgwg
854921649,dcbxlcj
855214203,rhlawr
856147402,dfabt
856659619,udlgxfm
857713342,aljaei
857958844,bgncc
858745486,xonmyow
858855624,avrgfno
860576642,bwvvm
862001343,mqinasu
862639388,botbfmi
863706832,pbppja
864345844,mdiqi
865694596,ugxmup
865874669,xxzcl
866069867,eqgohn
866464468,zvnph
866975151,wmtouy
867830158,jdtnnc
868487714,tseeyz
869132935,fnvas
871493197,vwxpqfo
871615336,adnbj
872002767,ldvqgiw
872932260,gsyhb
872935634,diiuu
875950457,fzjxex
876370480,nxujq
877263517,babugj
877347854,slpblow
878869302,dbdjjo
879708418,hoqwb
879865622,jfipzgw
880527517,mwttwlz
880547010,cydbstc
884112487,oettn
884415442,amllp
884562484,nlckjr
885448753,ztwatn
886358086,gmcksls
887495355,avvjms
889379580,eukjz
891239283,auybn
892888677,bhxpp
897848866,sytyxlb
898439358,kbsbd
898706340,wnxxe
900230856,nmestjw
902776019,qwjlypj
905210372,rpepd
905770307,kjtwgd
906572408,bsdabo
907157688,gerpy
912016505,aqmqn
912428225,yylpq
912601905,cijou
917302639,wgriou
917578341,mzkpt
917929429,geoqv
919023473,cgpdouk
919428658,mdmea
919634661,yzmpu
920482585,oogunb
920804138,xtorpew
921885974,yuladno
922298744,ryvizbw
922370157,vilbm
923213490,nxqnr
925408879,jrcfmfz
925840743,ayusvnc
927214398,rrofc
927790303,fbkgwfb
928021153,zleplg
929056872,qtthicw
933755416,kogjgs
934786215,tlournv
935270126,frwcl
936907395,xnlnij
938001832,nujqkbi
940380137,rgmgnvb
941350287,yxtag
942293645,bumea
943625615,wsknpk
944928094,ruvezv
944985105,seevntq
945651910,uquvaag
946887489,hiqgjz
949314172,yfxfoo
950079108,thogykm
950949185,qcdrzh
952738729,lzhbsgp
953575593,ifeuq
953783203,wlbziw
954211467,alrurrn
954491418,dstbx
956529069,nkake
956997699,vazgw
958233228,ipfxkvp
958892873,wqmbi
959073216,ypnmmfv
959299813,yjpzwjl
959479716,apbme
959760540,yarwxa
959888605,kgabrdf
960092615,rmysdz
962077595,aamisw
967190483,rcvzp
970323682,vgkpme
971716895,bacdxxj
972831392,pmgco
973902923,pyqyo
974019547,weejaxp
976832730,ogxsv
979130362,taqqs
980366473,gobypiv
981212692,qmysnck
981997020,wojpx
982487315,caobhld
982569538,nqverg
982988590,qbitw
983784890,eewyt
984111409,xwqsnza
985010990,eidatk
986907324,wsymfo
989627856,urhxi
990255923,xwpwn
990501438,lxctl
994497285,aiieyv
996871153,wbjdbt
997526045,itqoch
997821032,gbzfmr
998867883,rmxffew
999427709,vlsptgd
