1000200712,aqpiwnmlsj
1000566647,pvowxcvgvu
1001125762,uqwswotvwn
1002231018,yerqdbfccl
1002271264,frkxyuztoy
1002816385,kuxanmpsrj
1003254061,lyrwpcgmjz
1003312640,qeyvxgpfmj
1003324393,bkwszgvxye
1004200561,vyutlwdkaw
1004496644,dafepnvaek
1005433682,zavvbwszts
1005777819,rnohfvlgbw
1005886712,uewjngiusj
1005945002,ibcgekkiqc
1006162149,kazhxutuhe
1006288186,ijcfdszjhl
1006537191,jcyfklodhj
1007049247,lyembnixtp
1007060762,huzcscriey
1007648753,mpowhmoytb
1008186354,ojldxudtyu
1009099909,wlhwjbwzqh
1010407783,hobkgigmsc
1010872766,mhhmijddpy
1011741816,rfkjmtbxtk
1011833749,jmjlntovak
1012078500,izyeehwmne
1014099713,cnslowhhdv
1015185214,irfdvtdoet
1016854259,wejtnqpkzm
1017643117,tmhbkhrifu
1017976080,nnavnsbbkl
1018620975,hfunxedhdc
1019222756,ugysomclre
1020623121,fiwrsavhft
1020829055,tbplrszalx
1022063571,huoxcgsgbg
1023865142,qknovcyezv
1025442412,wtghqbwklk
1025623422,pocvtecdag
1025695565,mpzbguytdr
1027356012,wqccigjtxx
1033000298,pvurxwsvby
1033007840,irvkrfzzra
1035446205,utjpndaozz
1035490262,jmobqjqcvj
1036278509,zcfslpculz
1036734249,ormgiuekzp
1036890131,ghpjjjxwne
1036996542,ncygpoymyg
1037928387,qpanpsfnwn
1038513774,ynhhsurimv
1038971718,hajdmknkja
1040260568,lhfnhwzwir
1040348056,ujnovbfcoi
1041165005,hiuowvxppn
1041475002,kxqutlidvv
1042764659,hkfklbqkaj
1043032047,lvohkqtuds
1043998435,hrwyiwdqaa
1044934991,nswvfgwymc
1045975363,rcevpglkwx
1050334204,earohvrljh
1050392808,ohgleuytvq
1051409785,qpaxzmwxcx
1052460515,egivmvuvbg
1052833924,thozlogluw
1053220481,ppqeupnhsd
1053529509,zwefhmuoch
1053544954,aecaglgsjx
1053683471,gtghdqqzhs
1053844441,ccfqljxtea
1054390121,txgkatuwwd
1054520306,psfsdwxwnj
1054836114,bjtxfcegsx
1055075109,ooecgfomhn
1055251241,esxjasrqoc
1055320537,jswbrmosqt
1055817578,bajuxmgxgi
1056279102,zcaiobdozn
1056921297,bmuimtszip
1056954908,jrrgiqvirp
1057266150,qubwfqiplf
1057407715,qvcabtbiwb
1058667645,lvclyftvvu
1059062108,jhwrikmjji
1059166152,nisuerytiy
1059266049,buuphxnmio
1060086172,rnzmmiqjiu
1060556763,ahlmcruyzl
1061596523,uoowkkwnqm
1061706303,dattopeqoo
1063152326,zocemdarte
1063232497,khnehamzxi
1064631670,brqouebiug
1065273912,hbqchhvdts
1065951166,zpgbzzlpsd
1066271393,hfbvvsyakl
1066952458,rxwfrwfkzi
1067235304,cvdqflahqm
1067410157,xfuvxpdqhm
1067702615,pyxheesixw
1068684171,ztqnodkzsd
1070893934,gdmbmlbfrs
1070989543,rxdgmjiebc
1071057746,fwlosimlvn
1071156610,gsqfkflykb
1072194793,zgycivpehd
1072507505,nlfqfinalg
1075022221,sidnvodlmt
1075033523,kzqdljmxgi
1075133831,zzbdncpnpa
1076332645,vbwxklxduy
1076405036,opozkkehax
1077040028,tulpdeduml
1078096521,phuqxowfxf
1079338239,gqrjzkxgve
1079848399,tbhgukdkfo
1081145844,acxqspmvag
1083911233,qjmatxmwij
1084213786,nfgkhgmwwb
1084317599,ecahyugvsr
1085180412,buzascxozh
1085236416,lxxkviweaz
1086733288,rnpntnxvay
1087941343,avswirvneh
1088730655,grusmgtzyb
1090439506,mijpglgvvd
1092137250,nsowftrmpy
1092242546,ujzgtbivvj
1092889511,ljdlhtlzoe
1092916710,eezigiqspl
1092968220,pzhevfkdeu
1093433553,vibqqbqmkt
1094750631,vxleohrlup
1094811483,onxbzrxhkj
1095266444,grxghbdopw
1095656034,wtixitkdws
1096031181,epwzhfmiui
1098773205,vnrqxnxarm
1098902668,gymkhvibnn
1100702330,fzmjbkpejf
1101210990,awvkmeytyz
1102473126,ynkmmxwbwj
1103134874,vlaykavkcv
1103458522,kqlujbwfng
1103612745,wrwovfshkw
1103721015,povxvyqgrs
1104202278,wspsbqoyap
1104644040,pjbwozhptd
1104814736,jzcbytjywh
1105675305,bzsjpsswyu
1106187700,ruyzzvsuil
1110212876,ysthkbvnzq
1111098655,ewfqghhyzg
1112330812,fighxnzzyg
1112404009,fsvnozdnjm
1113570714,gixxjxhglt
1115224386,mcukzvdkvt
1116345002,bykbxktibj
1117319424,bycmycmrwb
1117963506,jyypyjnebi
1118724829,qeezbopzgh
1119047793,ahyttofoee
1119823724,kfiocvsjlh
1119976383,tygjnumdce
1120423515,tqssxzrgzg
1120473723,tiymfgtqzu
1120510770,ryauzdlkcw
1120907853,srlckxmstr
1121930160,cekucrofdu
1123035170,imifdmekil
1123673079,fxvbazaqoz
1127438630,yfkorekcid
1127818469,gblvatjwld
1127928109,szczkdbuag
1127951528,vxkybachby
1127974438,jrwgocncjh
1128722422,xgfwbbalpg
1128922786,yzmslugsmd
1129861642,hnzgtqoywh
1130222918,ubgroizkhy
1130411947,nvwspuvkkn
1130573119,nsfgqczarh
1130595502,dwbdyxrfoc
1131181852,lbusgnxhul
1131205675,sskpqlzceh
1131602551,fbgezigaqx
1131669331,apnlovabkc
1132612154,kirnqqbxfc
1134317260,eekjcqtzpe
1134789168,soeqclgema
1135619506,wkbcgrwwuj
1135800098,oedghkfphg
1136860831,dpenzqmpit
1138749638,iayzdtwaso
1140502195,faizqokmor
1140721322,qdaojcilkw
1141446673,nirlpjkkna
1141843505,rdwztvkdlm
1142716806,doivswhomp
1142886455,wsfuubouhn
1142921135,yunnflniuk
1143442981,hxzbasxdke
1143513302,svuqvplrmp
1143740982,vlfhmehcnu
1143885324,sdhadgnojq
1144113843,pcubbtxqdd
1144462012,mjfsnmwyvo
1144887621,pxhjvxashd
1146331209,kmpsgpcyrv
1146683053,bzdnxepsfd
1148530632,tqbpphkrdt
1148620844,huxxqzydph
1149579264,wsmscqjkpz
1150264637,jjerudejsi
1151288922,vmtyqaemyv
1151651314,owqehjmngs
1153023213,wozdabvygx
1154607878,sbbhnlyamb
1156453464,xxiiwdjugs
1157006812,rlorxhgsau
1157411486,yahcomstvo
1158811430,fgkpmfmrmq
1162056397,fdxeseeisp
1162327818,cunvcqufcn
1163991911,exdevrjdcw
1164223101,czdrlncait
1165082637,pcmqldklrh
1165844201,jemkzpbkmo
1166101830,roiymclhzh
1166380047,sckuplbjcq
1168194892,jfmbcsgand
1169587957,ktdhkxeiyp
1171449704,pbvkvxehun
1172753181,cewoxrojij
1173204192,atpgefikan
1173473857,wcmignlnmg
1173938100,gbqogrhgvz
1174132092,oivtzssrfg
1175228504,zdawszjayi
1176317358,jfajagvznp
1176602905,bzavfuurwf
1177588937,ugzisaomvr
1177593395,yxalymolvm
1180333483,cqsalvtmkc
1182349165,lrjffclypx
1183224111,rspyubxyem
1183454916,fqftcxqxoj
1183671383,roqityvqou
1185247312,zicnzjwaaj
1186046413,utypstsycj
1190916763,yjfshuosje
1191222382,kjxwipsyvv
1191410090,lzprpkzreg
1191753947,xadhrxyuuk
1193198119,sujoefpndd
1194120514,apvvimvukt
1195100722,ljoqwjmwhw
1195806934,qabjnqaqrs
1196247776,poybasbeol
1197601325,nmjtmuhujt
1198360514,jqjqymqtya
1200362561,bibbkkaaoo
1201339226,yhbpbunlag
1201587606,hdhxuujsyh
1203652516,lrouzxurhs
1205420780,quqjpaikye
1206740850,mdwaxdtnoo
1207091191,kolzublxsi
1208584731,gadynquxtn
1208808341,sdvhrxfhml
1209813088,mindldapke
1210076567,igyxkkyrcd
1210115116,hdqsyxxigw
1211127246,ywzubnvqhh
1211285879,tzegwifoey
1211636681,yejybwbhct
1213280583,vlsoqzxjxa
1213766385,ojnzawqxgx
1215748372,lhagvvjsss
1216011027,oamibffgll
1216404496,ryaiyhwgju
1216599692,qcvevqgbfz
1219708310,btlzdxzkkz
1219915238,umqptsaqtp
1221427344,uuigfhioiw
1221543638,nuekkohtwx
1222020771,xebhqkpldc
1222051929,kgdyrvdqbu
1222527529,bapadkexey
1222549232,yjjfqjtewy
1223580043,vhfszzvgxs
1226224791,zggxywvevk
1227268393,lvgbpyjnth
1227606799,ozzqxrojws
1227907920,ujitdoxoai
1228476421,wkdyksvjcz
1229156451,vxwcwcgwig
1230765768,mkejbtljfl
1230809515,xuavmxpxix
1234088927,kohsaftvei
1234216084,vhmfyqhqlb
1234359438,bsgmbjadit
1234734591,vzglwmdzgb
1236248526,djvlmqelir
1236356115,npumwldpkl
1237035944,ielstsjulz
1237244978,rsyxpbpofe
1237892616,bfjkwngors
1238827123,febcxgdbmi
1240213770,kucbrndalq
1240797310,vlpxtqoxdf
1241760525,hjjfzpjsiw
1242207858,pfuknegudb
1242562467,ijtgpueygf
1243249215,vudrmuwwid
1244456108,irnzmqobta
1245290269,gumbfhcjvy
1245522816,kzzeostyzw
1245572926,wlstpkutji
1246437816,ldsumawryt
1246522065,hhuvhswnbp
1246625294,skdffejwwg
1249126012,szjiibjawk
1250196919,fofblbrnoh
1250697281,kzilegvplf
1252099154,buzdgcrsoq
1252288573,rmnhiabhhd
1252713213,kefaujehme
1252885279,afptcrufya
1253646741,tjxxcfhxfr
1253890362,fcmjayrazv
1253912974,shtcbskmsx
1254797291,wesoitayao
1255504330,uvrzvvzfcl
1255916004,zgovnfqfif
1258599187,astgnfrzon
1258696668,gpxrcrzixp
1259712484,tuwpnbsiip
1259762018,gdzchuecbj
1260018777,bakbcktylr
1260269067,romrrwaftp
1262313483,ztrwzaloxp
1263377692,zggccfeyka
1263908128,pxajyjmpsz
1264265282,kdkslprmpg
1265872214,gaiyjbozxt
1266006069,vnjxrypbyl
1266202632,fsansilmsg
1266954272,hzaqrxdbow
1268240584,fxxejrvqmn
1268688140,aacfqqhcvc
1269757459,ulrkrisruv
1270193045,xaybcbvpjz
1271171838,xzrsecxrib
1271218010,qfbiqbzcwp
1271251711,kcqjqplcfb
1271909735,mqclfxshdw
1274924337,lmilssmapk
1276380351,flzdybkqjw
1277737305,ihifjuqthe
1278244357,sioqixwxiq
1278419870,prceanuxyk
1279100739,bryfjbmlnq
1280503335,uxjhvlonqc
1280828345,npxjuauztn
1281594691,icfouuzsbi
1283105174,ggkcdaxlwa
1283182055,tuvlbsqmvx
1283557070,tobgdsiqka
1284445739,xrmaypimer
1284601861,nimfpdozop
1287171984,kseismktto
1287485521,rjovdpqsio
1287763503,gazwrvilbp
1287918200,rkrnsgrrpx
1290117618,essiytchtp
1291837443,pduftvtpmj
1292741515,utnskfpuzw
1292752212,lcryqdjatz
1293422012,ebgwabladw
1293973934,jgytphrspf
1294528450,tpveykopvg
1294747367,yneesgpylb
1295779026,ehkmfpjsup
1296567179,alrbcsqsew
1297190341,oboivwdkmx
1297397720,sfrurgfkyq
1297413446,pejcqndxpc
1297631857,rlmqmeqjta
1297969396,cezptlpnzl
1298039586,cnilifvlot
1298158634,rouqcxwyfe
1298360675,meinrdqhyn
1299307842,uppvxtfkam
1299826477,ctcrayqvou
1300107657,ogytfpywwx
1301123115,utaxjszdar
1301462685,eolemesdjd
1302080002,xgmyimstqm
1303499052,spjrjngled
1304718768,clrqetujtr
1306393669,anrsoaxmzp
1307327463,auhwkjsaji
1307450118,dinwxzfgkl
1309805894,bwegtzpxhv
1309966978,entkotokut
1310160512,kepxmidzny
1310717178,lvwhjhqnjy
1311052741,obuqxrvqsx
1312246453,choskppwjc
1315218538,yjikzqizrg
1316742563,ucwfpdxrly
1318447162,lknknkucxx
1320433045,hjjpwniadh
1320568699,njtgfkdcln
1320771930,wlbyfienae
1320805145,nxqxlnvrhf
1321607490,pwfqcpksps
1322957882,jucoicsnqn
1322966713,egeuvpwmwb
1323854610,alqcirjmhu
1324416075,jcsneixhqd
1326442702,xtkisisgnz
1328220255,zdtcvscfmh
1328334677,fhnimbayat
1329651009,cjecpcuxow
1329892266,znjvjspmkn
1330028664,ckhjfpyktb
1330738339,sqxomliery
1333234298,yyhwtnnqtz
1333241992,dvmbhmqwil
1333962552,fihtwdurng
1336629913,fecibblyqe
1337208753,qnnzbtvfcr
1337668718,fywvjbjsgg
1337838984,kvlqyucesz
1338316748,msgfeqrnmi
1338544254,hireebeyto
1338600139,tbhcxjtfnn
1338842826,uihodzprib
1339814279,faocccydsf
1339900088,daaioukzxa
1339920739,kcejdtixjv
1342658740,thrbiteuyq
1343580102,iljohoklqz
1344070842,smcirsgqbr
1344700041,nmnrrkknmw
1344759484,gleihghmvr
1344968048,ylqobwamcc
1345340890,bpokcfsigv
1346257145,jpkhbfajxr
1348368560,btstmvtbnv
1348816514,dctjyasfse
1350808804,lafiqkzodi
1353290518,lqgzfqibmx
1353970798,zonwproeoo
1354720430,trikzaqipy
1356334134,reagxjtrbg
1357006230,bfsfxjyshc
1357015628,vogjrtqsbk
1358702425,qktfjejzrx
1359023934,gnadgrkogr
1359902832,brwwnzhqox
1361247659,fmxghkigjx
1362020490,lfdmitelmq
1364073817,oawwzfnnly
1364188931,seqbaplwhv
1365011599,qwbglfwavk
1365254175,xkjepbcrdi
1365672179,mggqpzcskt
1366022064,xocwamunlh
1366150912,nfdddajruv
1368453987,fbpcfhelbc
1368784772,wpcyvkoyls
1371501192,wcvulczgnh
1373021519,eecloheidv
1373180467,ohgkojqkbs
1373279320,rswwkpfstv
1373830844,vktonpywel
1374573482,xnlsrvnxfy
1375332653,yfaiwwsvcj
1377248931,urzdyjtvcc
1377560970,zsffzyiymr
1377786164,iqgczceaqk
1378892937,yoviihfhaf
1381111188,lwpvnlmvlt
1381410759,cocnhhibxw
1381587334,jjqamewedv
1382086139,vtbwcsdukw
1382928746,csfprrvpjk
1382971641,finyfeojpm
1383631601,tzeyzmagiq
1384007585,hfygtxtqjz
1384859892,emqzcwflxg
1385239693,pcumugepfa
1385269281,zbnaoxqdqf
1385972125,paljqytyfp
1385998935,qutamcldex
1388382213,xdnougixmk
1388410890,dgmulbxwzq
1388481991,gbaxsnrvbb
1389100613,xnvqppstke
1389250369,ascrbjaana
1389613192,zbwwidohae
1389865552,vskmfsjvip
1390717462,wxsojuxjya
1390837223,udxbngiilr
1391058323,wgmcjjuxgs
1391473774,wzeniraiwp
1392714416,pwjkdjfhfa
1393254366,okglwsgxck
1394402773,boglehobcs
1394602757,cbjmckpndq
1396224916,oyoqfqcacc
1397896377,mrjeiwfptm
1398325163,nrufyktyhv
1399439780,xolevjekin
1399569160,zpyjkeqjds
1399742742,pmswfrpxxz
1400728212,vchoorksdg
1401338861,kvkzpjfxav
1403875912,yqdcrfcnsc
1405616357,leuzuhhzrz
1406683963,byizbolwrk
1407568353,apcffeokpt
1410817297,mfbrfcrabx
1410991725,dozrovewmz
1414270380,yabgmfmnlg
1415721125,sqxbsspkdq
1416340589,fypnxkofrs
1417028342,gakjxlwett
1418462735,zhprpbmghr
1420438371,tnhwgbnjpf
1421325179,lgwuftfgrn
1421733448,seoasbyfxp
1421977676,lkpwghsbjv
1424783348,ibjziytubm
1425135434,iofigcnyss
1428167622,fofomebhda
1428431581,gqzdnkvlfv
1430878472,vmjpwqjqhy
1431380768,tokyzezbmk
1431684852,ezsppvcror
1431829868,ulnegcfrdz
1433987082,pzhmiulhvy
1438044533,mtypzqzagl
1439541092,tlmbmirpjb
1441375865,htbosmemjn
1441377604,ieradxxipj
1442020987,pcjisbzwfe
1442344774,bjrbompfjo
1442446776,rmnkxkbahg
1443530036,qybfmhfdpn
1443769470,oonlegaloc
1444150874,exoeihrurv
1445922758,kwqonpaiub
1446772507,fjfwopowev
1446812327,ltesmdffmg
1447152110,jpjbetexut
1448242155,uspgyxbbpj
1448603534,ziqqznyhug
1448807927,ozqtdxpfll
1449322258,rwvsfdxirm
1449609606,kkdcazzslb
1450010721,mkkszvsxux
1450079509,bqnvsfvndp
1450807104,vvycjavcxh
1451296375,hofdpsmcix
1451813810,zybfbkxcrx
1453835867,peqbaijfak
1455969480,oawwliqxdm
1457151743,fsynvedmot
1457216204,tynqzwowbc
1457584732,cfynvfmlgx
1458387194,nhgehsfxoh
1458477163,qjnqgbvunf
1459182360,miqyhnthql
1459272072,nxszpnkvvi
1460594161,rxqcgrvzjp
1461179500,augwkkfmeq
1461336444,nybgvmwtbr
1461865313,cfqkxgshya
1462273177,plgdfcqzve
1462564360,twclibmfvk
1462799195,ehviyyvcci
1462937949,fvrlerxreh
1463463399,pcqzvyllbm
1464713171,ssfwotopig
1464844364,qwzznybcrj
1465031066,ylbrkrnyrg
1467663912,jfpnkmtnzo
1468170515,cfzhrttrgx
1468439103,fqmjtagkbq
1468672471,sxtfnwcmsq
1468822660,gyslxdlgwx
1469550697,qdriqyzjeh
1469726616,lheqaksybn
1470434025,rlmwkrffcy
1472715183,vqzdgtpyww
1472897330,zjpldsitdq
1473573133,jxwlksmgef
1473701920,nxugzrdnok
1475216750,sgitfnnvbk
1475724965,pqnslgarqm
1475863638,eyoqiktkxq
1475986631,pcpiihbhkm
1477621424,amprwjuwtt
1477945005,rgzmovtgyr
1479823704,wallnodjxb
1480075017,hxwakkaqub
1480206458,ieuantccqg
1481802433,mexehhqeat
1482452016,tuiqiczxve
1482948675,petfneuiic
1483514601,dqtebatchw
1483613114,aywyxrdokz
1484632529,hbzjvvmhgq
1485337055,evyubxsedl
1485556332,eblpaqwrku
1485662809,whkmccmijq
1485666880,bqtoipuatp
1486041788,ujzwephnkl
1486542011,yuishimjfa
1486580259,kvicpldrrk
1486740105,iltckhzoao
1486907008,kdigvugmyl
1487554239,qcctygsoay
1487701430,iabstmysqw
1490125581,ihbaliicmq
1491469691,trchycgnaj
1491926695,odupdbzumo
1492747265,omwkodgfmv
1495247354,hmiupwrfil
1495464242,mbxlpxyldi
1496013021,yxwtwtgkak
1496234569,yincwmbnen
1496417638,ulecnmital
1496605620,omfqwnpyjw
1497094209,qymdlkuefy
1497305657,buzfvnifeb
1499991568,nybbqltyni
1500597649,afjlsqbgsi
1502382433,krvpqzsemd
1504115365,yzcudpmour
1504245398,vptyjzquel
1504620746,cstjgxkfdw
1505336423,ueljmvleyq
1507837669,stnicbehot
1509086169,tlricbdazz
1509362431,yzjzzvkiln
1509524649,upgcefzdaj
1510350417,fuzrwhvaes
1510862216,qraqrfmpmn
1512275863,mbnyxduyoq
1512366822,hjpfscwtur
1513167549,dkjkrtbigt
1513959621,igjpxwgvkn
1514329783,sbqfanicea
1515739788,lnnaolyhaz
1516145712,cbgehmnozl
1516228309,efqnwrkixk
1516700623,gjqotpntev
1517438326,tayimpyfqj
1517811356,tdlqdxxztn
1518269082,fjxmgaucly
1519360882,anwevcejqy
1519763128,iktvfhqnah
1520815948,nhtxcwejwn
1520920220,bfuvkyviwf
1521959484,fpuenaryqn
1525801450,scvpeddiql
1526268921,evabltdqef
1526493763,gwfuvmludv
1527754616,vuzxywyqsn
1528508289,lpgymhmran
1530979572,rqolvmueei
1531453280,ppzeepxfml
1532288166,ohuzullodw
1532335522,sbqlakdqaa
1533218807,nyuetvtcar
1533240484,jjgnrpsqmg
1533438722,upqhvttvnj
1534310854,fjbrudssgm
1535184584,seclypfnba
1536047348,esomurwfsr
1538700764,aurlhtelro
1539337869,cnmhwodkxa
1539372826,aenzlutshs
1539608934,ukjyouhpym
1540010974,rxjumprydp
1541624748,rfvyopkovk
1542025229,anysykhmky
1542269463,qlctdxzhou
1543526160,qlexkuwbjz
1544045947,yfqdiulqsn
1546711716,sgupgfdojs
1547027917,wqbqoojrlp
1547514918,hcqoykbnvv
1552464205,wbkkzvuvzc
1553627565,cphznmyvwi
1554154045,lcaggzragd
1554655608,sohsgaxelw
1555101982,dyuadhwnov
1556101738,ndovvsiarp
1556537377,jpsjywtlin
1557321134,injtyixppq
1558507412,ymvrbgfajh
1558761119,tncjmrpaiq
1560687978,fixhjwnwmf
1560778158,zeilbeopvl
1561586671,sqqmkwcszp
1562039002,gdbvmncbzi
1562195820,ypswpnqowp
1563054597,djdzicopbi
1563341885,vjhvimpdbx
1563514061,lxtsgjovap
1565770910,kkbdvsjrxf
1565885109,cslvmobhjs
1566866856,vbzycmgqme
1567737112,pyuvhgmlgf
1568564609,ebyhesgzbh
1570634814,vjzuncqyls
1571572374,ezukpolcon
1572140130,mrepinpxtu
1572370044,kkdoqcizpj
1573918317,nefuecqtdq
1574268525,wrnxrncqei
1575285420,dmkaobyfvt
1575518420,yammaleugu
1575598518,wlxwwceqqs
1576483138,okfnraepfm
1577291783,uuwowilemw
1577551749,qptnxpgxsy
1578077375,asgwtwnika
1578629627,jisxqmpojh
1578646853,eieocxvopk
1579082185,jqlpztomqr
1579610859,dtkrourzcn
1580329287,jqizgtzxpu
1580413434,aqxjgjwrsb
1581574918,xvykzuzpmi
1581752356,tphzxlqyle
1581872039,xiwhljhtmh
1582563786,ulmfnwynjd
1583950214,ymgffsoosv
1584121606,cbzslupwmx
1584535176,srmgxaljno
1586733101,aeeedjprqi
1588919011,olajqgasfv
1589307136,xuufrabqyu
1591213919,bxxbhqqlxv
1592715775,riuntdwnnq
1593908925,clabnwohkk
1596035113,oricmngqif
1596248653,cewznooasp
1596853212,kmbnqoqsnh
1597293541,yeycokmfym
1597991243,okepbfvtwf
1598353494,yypoghxrxs
1598454509,ytucerwymq
1598512171,xrmzwwepjt
1599496168,vodrkuqlit
1601549553,xqgrwncobq
1601628031,kdneukqumt
1603857754,riftxlpqpm
1604298760,layjnkjytv
1605063989,yrdlgiezcf
1605125796,fhdpgjkals
1606917503,vsbkmqnvxj
1606953409,gybdaosgjs
1607275951,jepibbekyx
1607361984,ifdeejcaya
1608395445,jsrbcpccei
1608533044,faentvknan
1608883282,yujfnwdisi
1609100909,zrzitqzdpc
1610015669,qgfjyrqzoc
1612615400,fpuymujxxj
1612805128,gsurkxhdmj
1614095145,uzumgawsop
1614187413,pkyutarxpi
1614761095,ttafhdfynl
1615482954,vdvrcgwtim
1615672566,jfkbcdrfit
1616039872,vwwccqlacz
1616803770,zpergtoome
1617121928,bxrviaxxvt
1617424691,rrqfqcefrv
1620034371,agtyaqqwgt
1620076488,ypaqzdlmuj
1620449682,awemrzzeds
1623674826,bevhgyjuee
1625249037,efqqclcxpy
1628886809,icmlockhgr
1629339883,uwjvbozvvq
1629584476,zzcnsijeoo
1629891577,afhxuawyyl
1630892646,mldkpohrcu
1632592264,dnjlmkinae
1633678543,ztotuyrkcx
1634870399,catsqiqegj
1635729349,gnbyzsqdbz
1636012720,tchsomnpyc
1637660297,qhabeqnsmu
1637797797,kkgjldwfgt
1637875206,nafoqgllog
1639597502,gtvciljuil
1641987876,hxfyanknor
1643571854,hkgmezrsid
1643727039,dqjvqdrceu
1645255620,jlvtcjcgus
1646040440,wsmnunxwlk
1646230469,zoqhrsumbo
1647343985,cygvqhfyoe
1647375306,qrnmohnkum
1647376127,qspadikiau
1647942012,ynvujfhaou
1647998015,emusugpnsx
1648232552,vljxqlmkbd
1648232965,rlywtvogyu
1649899378,ebwqoqdvta
1650858553,fesipouxyf
1651005161,ezcuptijgy
1653030616,fbvpskeixe
1655611164,qtswdxrarg
1655736604,ntfkhxjxex
1655932839,mqaffujirx
1656057196,znzvpspwrm
1656449458,yllepygcld
1658489823,viqswqhkny
1658934457,zxgnlsmscm
1659714699,nlklvdhmfn
1661593366,jkomkzypga
1662655085,ekpirnrhwz
1662937357,ejuvcgykhn
1664903709,msmtowdkmz
1665189285,pjgjblhtcs
1666147218,dqhwwaosnp
1667896227,jmyyfcxtcs
1668456081,rkoveslksl
1668839533,rdjtegsmnk
1669431397,kceepylauy
1670633138,igldetpcqh
1670786700,iwuvxnkyjb
1670875565,viyudzcvsv
1671046756,ibhnbnrkmo
1671311373,yumugiufqv
1674002632,qzsuiiasdx
1675150159,rhmnrxkami
1675352250,fjbjifqsxf
1675858682,bybbnlgtkd
1676431097,hpwmfyrwwb
1677423711,xyufykinol
1678357208,uvlxogzfor
1678807020,zpltwwfjup
1679971102,qnbjioxzoa
1680471175,xhzirrullo
1682387406,xkkqzpdxyr
1682645106,gfsreajkrn
1682696029,yqmuvrxsgr
1682936164,txfptfkofe
1686810664,lwhsjckwyb
1688140083,jpqbwcfabi
1688212513,umzpwjjigu
1688380127,xwrgjihnyx
1691080000,neltpllefz
1691755237,bimomwwkfx
1692269636,gkzibbxlfb
1693200765,qlshfkbpry
1693832820,sxqhhuatwy
1694547664,prjuxexdmv
1701039888,ujgktvlvhg
1702097739,bcjowiqpmg
1702380085,ilgtppojjp
1703366714,mfcozodohe
1703404692,xwsjoexbba
1706996300,pcgnwyowyx
1709579293,ybbembmned
1711632765,cbbalhbpxz
1712762804,gduhlonndr
1712802888,gucqpexqhb
1713711488,aobbdzsjpn
1714349692,lnkdtiglyx
1714609077,ikiowgyksd
1715022724,jqicvkffgz
1717299413,makwdwiivf
1718515498,ahpnqkixza
1719488438,epdhhnmrfb
1719978087,zboznztdeq
1720416877,tlkmyqsxuj
1720545809,xglwewteqx
1722977855,mplcwxjjix
1723230367,ojlezkhniy
1725067733,rvfjdmtkbt
1725117107,xbyninzquv
1726516575,lekbhzsonv
1727023305,phsihelesb
1729379746,vcyuovicdk
1730452688,vaalikqchy
1730456098,aupycglzhj
1730581181,ekgsojbgun
1730834508,gwmparanwe
1732037171,thhftyszaq
1732325657,gsinsmjqpx
1732508903,ddupzrjtvv
1735048591,cgvwmgnxjq
1736139949,bxyswctgkd
1736436171,whhjkduitz
1737239061,hiemltcuyv
1738803096,qldfbyfwxa
1741938207,tomkyiuwdy
1742318340,aopoxvmjgs
1745767166,udumlxzoim
1745919704,zefvcwhbaq
1746494270,jndjyyaicc
1747409233,leaieocjsh
1748234690,txdsxcjpaj
1749582892,yqjuvfxvbw
1749792336,hpwgnojnqr
1750067866,mqxvjuzcce
1750543038,gqvngrzgvw
1751080524,rayfiyvfla
1751089868,jhfdjnjxba
1751471063,ikmqpwmdgt
1752502495,abbbblfnxc
1752509728,qjnknmmken
1752845939,njdcffbicl
1752880304,keoqbmuezl
1753894415,sijzbxblqe
1755372307,emubbltuph
1757658401,qllgclztyc
1758073324,iwpkhqxgan
1758682690,bjkfnouaix
1759131366,otofkynsxx
1759301431,wttvszcolc
1759762941,gemkplhsrp
1760614482,uxfiqtkwao
1760704705,rxuxuzccih
1761687095,pxruixzfuv
1761959911,safmqtkqus
1762912889,csgzhrvhwq
1763967165,dfwwinxare
1765099325,rsnduchlcc
1769434933,atnxvwgcau
1769542250,rhwopupvhh
1769551073,jdrzwroywp
1769773769,gwxkrccmol
1770111852,gcafrpqqtb
1770846575,qqbtsfmwza
1771530873,tfqomfhogd
1772664934,jttarjdeae
1772776042,rgciekzafo
1774432057,rcammhjgwz
1775148442,vrjvafmopp
1776560913,dghxidhivt
1777673063,zyvnpqsiom
1777752230,ksvpwafcyb
1778822851,zneyvcksqp
1779970727,wwpzbqggac
1780369558,fidumaoqnq
1781060581,avqabcjhwj
1781966528,aifwkkzooz
1782003444,imaaehmlov
1782671661,hdpninppat
1783115504,axvsomhtpt
1783858620,vmbbrftlss
1785800202,nwkoxcytgs
1787053423,jmffydgdjp
1787646142,vkyqpavqkg
1788749519,cuzxuewcru
1788846757,uitzwbvvng
1789506110,pzeldbdgcx
1789770002,klbyubuywu
1790140912,gnsrzuedzr
1790151307,cuwqyongwm
1790258435,bjnftoefgd
1790504684,pddfmpmozz
1791082658,wcmojxshtw
1791419736,sdvfxayyjs
1794425499,inurixtcmt
1794523977,kklarzphqf
1796966931,ptzvshpvsv
1797284164,nzdwptlzic
1800755423,xudigmqhpg
1800910764,mzrsdlmozq
1801425788,lcmqiqamye
1801440000,ltlaxoqkrv
1803111784,rxwudwxguk
1807334737,gjuiwfwhhn
1807715062,eqrpkpzixi
1809327640,nhvazmsoot
1809495564,yhengrbmxh
1810092463,bfzayeskhy
1814027463,zrnenpydvn
1814037253,mzrtcqjyzu
1814123417,xtxkncpbuv
1814333985,bwlqsmsnrd
1814733274,bxhngzpklt
1814789040,twyvsbmbqa
1816163629,ykvabuvssn
1816571846,hgxoeikffr
1818047117,gjmqmquukz
1818201700,qmwmixaxuk
1818358947,oajzakwhbf
1820752368,rallmihinu
1820818253,gbzxalkaif
1820853627,gfekpyrowr
1821356383,liuohikqba
1821621993,fscrsraskg
1822208732,rrzfvvsfmx
1825138592,sblwbwvjvp
1825409895,bgccuktlvr
1826395902,olrpcaxlgx
1827039179,cpnyvfezkc
1827130459,wtkubiqnel
1828007471,zjunoqklpf
1828065853,scvdhmjtzv
1828184842,mxolinqerr
1828605676,ejncauetlz
1828986727,yozeebcycj
1829910712,ekialgizqm
1832502412,nvrvoxaiee
1832803064,yfqxfegdra
1833074475,hadxwxkrnc
1833782844,nzktdkzmoc
1833972051,lngczpgzgj
1835014783,xkkkbhsfvp
1835250192,vuumbhxvxs
1837694873,cjpcjneqoi
1839446175,gzikuwvbln
1841320805,lsrajaywni
1842333287,nsbtsyxwed
1842566279,qdnmxjuyry
1842740500,cvuittmvwy
1842812493,dwtpqzqjbs
1845868885,iebencqsfu
1845949059,lrjfmoqfql
1846524228,wnqpamgprr
1849398696,uqwztmsofl
1849621562,fpruxkdeis
1850068667,dipwxdvyja
1850243622,bczmgynzwt
1850710521,jmktavqcjb
1850899025,jzvfpzbfmj
1851210850,zrzdxqkcnj
1851936051,qqllaueizc
1853927849,qrrbmeizga
1854515750,dfslbxtbhr
1854644999,atdzdapyup
1854792619,qlqvkyhpmm
1856067291,ndyjpghvuq
1857051552,ibkmhktqcl
1858491639,lyyubovusf
1858601002,owbxgmkeuw
1858789850,wuzjpibzxy
1863665904,qlfdnnhdvz
1863740100,zahenkpsfd
1866369417,qtzimgihpd
1866508007,zddlfyqssd
1868778834,srtbvtmqrb
1870322293,rgxlumflhu
1870674120,vvrxasemul
1871164173,xpvlwmykgu
1871895797,aqdeiwgflw
1871991526,npciksfftz
1872351212,qsiyizhsvw
1872586850,hwduzwidmm
1873288949,xhhdizsjck
1873350251,lzcgkrxyzm
1874628877,cqibqokuig
1874727947,pvmedarpvj
1875125275,ymcxnyligs
1876050075,rqmzmiwpjn
1876546409,rgaspkjiuw
1876738926,rdkzlupxrv
1879904254,uxkmjwlzox
1880833333,sjqilsqfwf
1881144375,ubqueztoca
1882525237,wvsdniybhz
1882819738,gjzcevknge
1883548051,nnuuxaqkxu
1883793742,nktkvehgos
1885804810,fuucuuuhov
1885995422,qtwjvnawrb
1887211028,gykcgaxfnv
1887511984,ytvqexgeoq
1888095129,yesxlgrojk
1892045322,okvqgmwzqx
1895329202,ouneoactel
1895718917,lzxlvrsnic
1895818643,ryxfhwpsan
1895901513,imenlzzidl
1898386172,lvjzmnutad
1898661084,qczzbgntqu
1899671873,luiigkafwk
1900568611,hjjyxrtnzl
1901137310,sqsgoddlzb
1902103111,ezaicjvlvk
1902563769,nhutgfvufk
1904060765,ugedbivbxn
1906120625,kkurdhvezi
1906291505,laillpyxod
1908888676,fmgjupxrfk
1909930359,jpdwrbahgv
1910504499,tcsxuxdtwb
1911104751,hbtrzeegpw
1911765714,kuuofudrwt
1911883450,uetwfmdzui
1912045176,sdrettdeir
1914288750,emnrzymwnu
1914833367,iqjkwnywtn
1914880650,uyyzofzuem
1914922832,lnviixxspw
1916606936,wxskyngihf
1916626701,oivikkrfwz
1916718012,cvkepihwcs
1918450752,cpsgjnolah
1918455553,pegsewrgfr
1918513037,njlozzryky
1919103452,jvpjnimxwl
1919697245,gycrfbexqy
1919946643,mluxesezza
1921965465,dkehhvhayv
1922559726,mhaahkzzsl
1923462739,ztecvbcpls
1924141527,fblgmnubhe
1924317372,hfhmhoraxw
1924463460,mfxstwtfvq
1926122596,doqtzcumfm
1926415031,sqicdxqbdi
1928129660,qxlgakkwjz
1928671013,gslmfmlosw
1928904394,nwgnyqotqg
1929303003,qhmwlwsyfx
1929813269,swuzinkbka
1930257679,xfvnwbkzrs
1932420151,jqnxonxofp
1932976538,tkgkzjtxri
1933094377,mmyuxybeaz
1933742153,khzndbykfc
1934267592,qcwutspmgm
1934471155,pbmpemxlqp
1934798926,hzzfbmfstf
1934862991,gunwkdpztu
1935185477,pyrobxyinn
1936618981,rxffljdlyj
1936723339,eyimssmjhu
1938216978,tsgxhqatvv
1939267464,cgxehoahwz
1940082941,dribsmbaep
1942827759,dcnnggiiqs
1944477916,jrsvxykvdv
1945092995,eoxywnfeyl
1945701296,pwbwtyxwfn
1945847398,bqgvnzviqu
1945931540,zpxicblxyx
1946175003,kbyahlmuqq
1946271249,hxmnvceltp
1946362807,hpdzndmsdh
1949637203,kamhjjmwpy
1949935689,ezpguytvjw
1951088580,rlrfgogoec
1951459622,lluyrqypbt
1951950832,fgrtqpmvpb
1952290871,jaswhirbda
1954026277,cohwplrtkk
1954404502,xjwyupbgxe
1955278243,ibrvawajdc
1955648834,ujpdvodczc
1956226740,nrzcsrgkbj
1956560854,kegjjdhdej
1956759573,judgtnksoe
1958112760,dvgfscoxfc
1959130339,pvaimgbwvj
1959552666,fpgnkpjvar
1960037671,ejlbiixkoy
1960158194,oqravtovmz
1964130379,swvytdghhw
1964398986,avomdfpnzs
1966187786,dprhrvkgpo
1966743879,dbqmqnjuvd
1967633329,qxflcakjox
1967695719,supaqiwdht
1968363011,xolasxitpx
1968988934,qnvqcncytl
1969852887,sbpvegpyhp
1972379239,rcqespzviz
1972462954,pnnlvharxa
1975607532,ssetslnrtc
1975994391,hychjbdtkp
1980224135,guwahfqoot
1980411406,zlmcdsxzey
1980738367,nnnltmejif
1980944731,wooilzeyiq
1982638952,ykzlpdxmbu
1983346220,qupdheowlr
1983491243,lazadtoogw
1984827277,shaztbyfha
1985059403,eirxyntpui
1985509980,jiaixrjlce
1985740909,ikmtoadsmr
1985987128,bsszvnbjhf
1986469288,lmdsoetnfw
1988126769,bdymvkawdb
1988184414,stbiyoutxy
1988843848,bxxpcfgvdd
1989071329,acsbtryceh
1989212154,quxsrhfegz
1989718662,kwmprprmxn
1990437721,wztkmonluc
1990956466,mnxpxfuupp
1992656073,pufkfpibsz
1993081471,wmgazatclq
1994902342,zlukdydzxd
1996646782,exkkoallks
1997020613,gsmzfnefdj
1997021992,yokobdqhyh
1997175693,txejymnbyy
1997323443,jrartxicfx
1999360726,czaulezpvl
