183100,yqkbiau
2496303,fcmfsx
7976220,tahrmff
8059114,rvdkfks
9123504,gyhri
9634587,rcchry
11333446,boirouq
12042548,pbjnrlg
12794979,ianhtud
13873432,nqgivrz
14855689,lpiylg
16436288,zhaiw
17788698,fktiqrv
20469164,kqvnxk
26880577,uvsivt
28017487,qyuath
28748142,kgzzijt
34073163,hlnpamb
38697226,mmyysrd
40733533,hawxxt
42368465,hhcrq
42902936,kyksnr
43635145,ujntnhu
45802157,azpjmo
50018117,upfvjg
51472167,jiasrcd
53384368,xvmkq
53945947,spibh
54944534,vcfqe
56042935,nluei
59917185,tnfozfa
60128932,dkvgm
61808507,rlkyasy
62463591,xqxesw
63297242,qrpngq
66304487,rvycoe
66891888,rebckl
72680086,fuqvc
73319710,ggejb
75096581,rhpky
76620115,spczdl
80054078,eyvhqri
81264133,niaoqb
81446140,nbzepf
81706620,ltkumh
82220891,nlrkodh
83399031,ncgcz
84258664,ubuvdly
85213088,cvlqfhg
87880510,gjtovq
89398539,ydwies
89515176,nxlydoh
90059551,lpupw
93461044,yemhaph
94992524,okhszw
98106268,nuyibo
102104279,pwkct
102617480,iuxxiu
104624045,qlfavai
108740767,tbrfwq
109223287,dezwd
109891495,hcdtxg
111704690,sfzsgw
113806252,hvqeht
114927465,wkvyo
116637521,yxzpgv
119415970,mxpbyx
119566982,vkxtd
123300728,tteukm
124750175,kyxed
127945237,hkthokz
128623210,uzpoie
128811337,mdxus
129408975,lsdkyg
129918519,hzorw
136559450,dbfdnx
142733636,uctla
143797744,nuvze
145204443,tczfehp
146329848,idekhq
149773000,ijnjq
153623960,bmzwr
153944561,abqydz
159056945,ueuxtc
162727820,bucpmv
163950495,oumtf
173233599,nkpipn
177896472,xross
178889718,fhsome
186273399,gtxioi
191305721,gtkiupf
201390353,gyzzfpo
205028523,qmngzkb
206391221,fpvfjyh
208292801,axthy
208936314,sjtqsvn
209075165,fueqjz
210266565,cwwqur
213302447,wjbiyz
215790542,ceivotz
216464377,fpqwqeb
217755741,fdgybe
220759151,kjajxgn
224877500,zhbtg
225364167,rvmclt
226666882,figwbxb
227026428,skapk
227460282,ofikie
228647894,imbcyqq
229062481,erjgf
229639711,sxisao
231042157,bccng
232789231,jvujpw
244463145,wwfyznx
245596851,cfnzf
246658919,qexkr
246850853,tqxfekq
247548723,ksckf
251003277,dasrotv
251356715,hymnk
251863261,wpzyb
252216260,hnttdls
252988734,bzkmpvd
256102521,xcwxgfn
256254710,zftxf
259659961,tzajqt
263062745,qxemv
265168377,fuotspj
265766066,igjyf
266717033,hohlbq
267403767,vfrlmd
270510458,tnlaxpo
275235278,gykvqy
282015077,eaadixt
287746990,nupbe
299104244,rgqohp
300687137,twwrh
302448247,nsrfkkf
302851073,pkxyqoq
312479949,paliai
315214612,uppxraq
315520471,udngb
317546639,scjvejl
317878692,beoousx
320698835,ofryn
323154709,wtosol
323819116,olrvh
327006185,ijdrk
327466593,miukas
327716237,czugucz
327718596,jjcrsc
330964910,byvjj
336923199,ajadayj
338186160,gynng
338951273,mpgyezd
339316756,cgpzzzu
343205980,lylbx
357590788,lmklzan
359774889,kbbkyvt
360827956,mawqg
365220419,gwjqt
367087421,vxpki
373437284,pkwbrcq
374073428,hjiwot
374501477,vnsdtce
374743873,zkuhemi
376761053,ewwgv
376887749,ijbctbv
380481683,rsxey
387056082,sollhch
389372735,hlrsqol
389643019,jkehpt
390419490,asbqym
390493397,fwentc
391528339,uluhapn
392799884,sfukx
395596469,hjgphck
396653100,iyrtfgw
398228515,rfccsc
399936010,rqcwvlh
404052666,ilrthrm
404577002,aghklc
405508641,jelnxka
407666513,sgowo
409020779,ryhxe
414417831,jrevcgh
414796052,roiphxl
415745813,ffypxf
416044899,hvzfjls
416694551,xafpcru
419772722,evifxnt
420928120,xtpwl
423247448,zzxro
424090285,lklwn
426447548,glupxh
431442483,nrktkt
432975231,bsngavn
433853903,zbpjbix
436181247,aiplzu
436695959,eiqyk
438863830,gjlix
439951555,tqdvo
440854530,klbds
446023519,eryrc
446757214,sedwxgx
449183604,bwhgnwy
450826367,tqhmx
451501372,pbtnfy
451743734,auxgadb
451933368,viklubz
454372125,cuzqe
457612235,trxpxc
460502094,kewvnhj
460559264,invcppc
466765314,snoqi
466774816,eytcf
468059566,bxylvzp
473723981,czbjdy
477429107,xofvvam
480941611,oejoup
482933898,dfufvqy
483580890,tpieugw
487366061,rxhovf
488649131,zrrcw
489639968,voxiy
493558391,pxlpfq
493694195,spnyt
495350129,zjjffc
498835579,axcvya
499903487,veunto
503009251,soahxt
505679719,fjlojsc
508050641,vkpxyih
508764470,lqrjjv
509353172,rzuvwtl
509462567,kxhxt
513290465,qbeuowp
515195938,ebqna
517233023,mpglh
522900042,fplgl
523173590,pdxyin
529131213,strihq
529884212,zizgh
534090865,hbemshj
537812243,julpl
539908508,ljullk
550018571,uybsie
550414899,vzdzgha
558421406,rvnxhu
559664001,rupoocj
562424542,ypfjlc
562896466,kaqaqa
563949432,ndkpjq
567701023,fqcdat
568813869,dobnmz
580493134,hxnofa
580924815,uxnvjs
581259788,zpvlxhy
584358628,wpeqbak
586792382,sumttf
589142969,mekudiq
593879107,ebezg
594897955,eznhzau
594967665,qaszob
595697792,quiaj
599524078,aeqpktt
601003243,iekqc
601843035,iqntz
606191871,ehqnm
606929533,hflbx
615561129,obvpqq
617754438,dlmafc
618335127,zcisxt
621576612,idqsflp
622086606,mflpo
622647485,uvwkgli
630859361,hkfako
633700371,kpjrwa
635659268,agjmnfe
636704561,vfrvhlb
638565374,zbdqgge
639212559,xcglvp
642393150,aylbiv
642984755,wligfyj
644507921,uzefx
645473238,qzgywnw
645862960,dfakw
650705926,mtieb
654692900,ehxenq
656382041,whxjr
656672374,kclyviw
657767314,houucl
659771748,uzptb
668436770,ajofphe
678366342,cjaralw
679871507,zquukz
681704627,xabjpm
681884601,zgoefrq
687255655,pjycy
687351939,yscixh
688111385,fqvbd
690690578,zoezz
692862836,rhzfnm
694321629,xgepcu
697752502,piebbli
699945487,taebryu
701077342,wkhma
705256452,erjydvy
705940866,papqbrv
706628109,fsaifb
716344372,kymuk
716429429,evynpeh
718110915,ltybrf
720413301,byhpq
720704728,chbmj
722170976,amoftmf
722639255,ovjbz
723767338,eoxmmp
726162958,vpcqmxi
729458096,rlwlu
732347294,thdhm
732583870,wscok
734085137,mzjfphv
739259180,trqcao
742817197,ymiuw
743786798,wziheuu
745681603,nrlpixo
755365859,euqtaql
759829034,hlggiv
760820134,ynpots
761904561,znfnw
765727512,ebotu
767328634,yvfzlja
768179265,nqagsju
771543393,xtljpn
773916653,lpthw
774872382,sbevmt
780124380,zyajxvr
780384134,pramu
782358564,akoxdd
782558409,srohqiq
785794150,rxnzj
786562889,sbwgfr
794373063,hcbpafs
796907236,kvozry
798011737,fuvgmzm
798183481,wvcyis
798245469,vmmxyf
801837584,elczin
802331450,fmcti
805164264,mrixwhn
815081591,znzaspq
815622161,meyfjb
824414678,mjddwf
826544230,uwyefs
828467257,dehmj
830243238,xpxxgxv
839742756,skhwa
840611061,jphpve
842975547,skqoq
845760683,dczxh
846686734,jenmsv
846770230,nocwi
853803993,iifjy
854259001,myzgrst
857085364,ttjfufj
861206723,dmuxme
862341484,ibkidvt
865181192,zwfstgd
865390853,ltrue
868375271,gdfkok
869247868,qclwz
871478036,isflb
872442255,tphvsg
880147433,oyharxh
880258237,irbbdx
883071115,njmiwn
883907046,lhnte
884051575,udonq
884140428,idyaw
886598677,hfdjwmu
887709781,ydzfhmj
892479193,mmmyl
894882988,sxfkbsg
895080413,wotidgl
895661914,eousu
898516521,jutsfga
899317977,igojre
900655537,zdhjloy
901118513,jezup
901246585,pdqfola
903326081,pnmruth
906664843,nmmkj
910812340,kzbhmgq
912166617,lhhnhhf
914789882,wpswt
920285083,rrcdyss
920979673,uirxlo
924274476,civqal
925754106,suwufj
926637868,wpnluz
927458752,shunw
930084752,krtoys
930085917,pqohpfr
932643446,iirrv
937110261,drwoh
939811750,qaxwqgo
941974384,iamnnnr
942533504,silsqn
942706263,jzfeox
945655499,gzeeu
946025692,vtsjq
946599969,pnjwkmj
948269019,jfzngqu
951881281,pabwk
954542269,zaubwau
965950735,dyzrrvf
967067634,ptosey
968125152,aljclp
978175520,gsiqq
979522095,mwhti
979809382,deqsng
980923497,mhcljyx
981493955,xcpff
981763608,naueaqn
983321322,tfsse
985534767,egzemes
986522920,ocrzfu
988510752,yjdoyyq
993277916,dpckpx
995033955,hporwqk
997478343,fzuegfc
997999450,gygasw
999084162,qzpzc
999897968,ipsrjb
